[
  {
    "Author": "Aki, k-kz, ele-starshade, damolitionn, Taurenkey, Augporto, grimgal, Genesis-Nova, Tartarga",
    "Name": "XIVSlothComboX",
    "Punchline": "Condenses combos and mutually exclusive abilities onto a single button - and then some.",
    "Description": "Condenses combos and mutually exclusive abilities onto a single button - and then some.",
    "InternalName": "XIVSlothComboX",
    "AssemblyVersion": "3.0.18.40",
    "Changelog": "龙骑回退，待加入无脑行业？",
    "RepoUrl": "https://github.com/44451516/XIVSlothCombo/",
    "ApplicableVersion": "any",
    "DalamudApiLevel": 8,
    "IconUrl": "https://i.imgur.com/iEcxM81.png",
    "ImageUrls": [
      "https://i.imgur.com/iEcxM81.png"
    ],
    "DownloadLinkInstall": "https://github.com/44451516/XIVSlothCombo/raw/CN/release/XIVSlothComboX/latest.zip",
    "IsHide": false,
    "IsTestingExclusive": false,
    "DownloadLinkTesting": "https://github.com/44451516/XIVSlothCombo/raw/CN/release/XIVSlothComboX/latest.zip",
    "DownloadLinkUpdate": "https://github.com/44451516/XIVSlothCombo/raw/CN/release/XIVSlothComboX/latest.zip",
    "DownloadCount": 0,
    "LastUpdated": "0"
  },
  {
    "Author": "Aki, k-kz, ele-starshade, damolitionn, Taurenkey, Augporto, grimgal, Genesis-Nova, Tartarga",
    "Name": "XIVSlothCombo",
    "Punchline": "改名为XIVSlothComboX，后续将在XIVSlothComboX更新了",
    "Description": "改名为XIVSlothComboX，后续将在XIVSlothComboX更新了",
    "InternalName": "XIVSlothCombo",
    "AssemblyVersion": "3.0.18.30",
    "Changelog": "改名为XIVSlothComboX",
    "RepoUrl": "https://github.com/44451516/XIVSlothCombo/",
    "ApplicableVersion": "any",
    "DalamudApiLevel": 8,
    "IconUrl": "https://i.imgur.com/iEcxM81.png",
    "ImageUrls": [
      "https://i.imgur.com/iEcxM81.png"
    ],
    "DownloadLinkInstall": "https://github.com/44451516/XIVSlothCombo/raw/CN/release/XIVSlothComboX/latest.zip",
    "IsHide": false,
    "IsTestingExclusive": false,
    "DownloadLinkTesting": "https://github.com/44451516/XIVSlothCombo/raw/CN/release/XIVSlothComboX/latest.zip",
    "DownloadLinkUpdate": "https://github.com/44451516/XIVSlothCombo/raw/CN/release/XIVSlothComboX/latest.zip",
    "DownloadCount": 0,
    "LastUpdated": "0"
  }
]