[
  {
    "Author": "Aki, k-kz, ele-starshade, damolitionn, Taurenkey, Augporto, grimgal, Genesis-Nova, Tartarga",
    "Name": "XIVSlothComboX",
    "Punchline": "Condenses combos and mutually exclusive abilities onto a single button - and then some.",
    "Description": "Condenses combos and mutually exclusive abilities onto a single button - and then some.",
    "InternalName": "XIVSlothComboX",
    "AssemblyVersion": "3.0.18.52",
    "Changelog": "机工优化：野火会在回转飞转快好的时候用，野火快好的时候整备延后,三大件延后的问题",
    "RepoUrl": "https://github.com/44451516/XIVSlothCombo/",
    "ApplicableVersion": "any",
    "DalamudApiLevel": 8,
    "IconUrl": "https://i.imgur.com/iEcxM81.png",
    "ImageUrls": [
      "https://i.imgur.com/iEcxM81.png"
    ],
    "DownloadLinkInstall": "https://github.com/44451516/XIVSlothCombo/raw/CN/release/XIVSlothComboX/latest.zip",
    "IsHide": false,
    "IsTestingExclusive": false,
    "DownloadLinkTesting": "https://github.com/44451516/XIVSlothCombo/raw/CN/release/XIVSlothComboX/latest.zip",
    "DownloadLinkUpdate": "https://github.com/44451516/XIVSlothCombo/raw/CN/release/XIVSlothComboX/latest.zip",
    "DownloadCount": 0,
    "LastUpdated": "0"
  }
]