[
  {
    "Author": "Team Sloth",
    "Name": "XIVSlothComboX",
    "Punchline": "Condenses combos and mutually exclusive abilities onto a single button - and then some.",
    "Description": "Condenses combos and mutually exclusive abilities onto a single button - and then some.",
    "InternalName": "XIVSlothComboX",
    "AssemblyVersion": "3.2.0.38",
    "Changelog": "更新内容看更新日志",
    "RepoUrl": "https://github.com/44451516/XIVSlothCombo/",
    "ApplicableVersion": "any",
    "DalamudApiLevel": 10,
    "LoadPriority": 0,
    "IconUrl": "https://raw.githubusercontent.com/44451516/XIVSlothCombo/main/res/plugin/xivslothcombo.png",
    "DownloadLinkInstall": "https://raw.githubusercontent.com/44451516/XIVSlothCombo/CN/release/XIVSlothComboX/latest.zip",
    "IsHide": false,
    "IsTestingExclusive": false, 
    "DownloadLinkTesting": "https://raw.githubusercontent.com/44451516/XIVSlothCombo/CN/release/XIVSlothComboX/latest.zip",
    "DownloadLinkUpdate": "https://raw.githubusercontent.com/44451516/XIVSlothCombo/CN/release/XIVSlothComboX/latest.zip",
    "DownloadCount": 0,
    "LastUpdated": "1724608643"
  }
]