{
  "Author": "Aki, k-kz, ele-starshade, damolitionn, Taurenkey, Augporto, grimgal, Genesis-Nova, Tartarga",
  "Name": "XIVSlothComboX",
  "InternalName": "XIVSlothComboX",
  "AssemblyVersion": "3.0.18.43",
  "Description": "Condenses combos and mutually exclusive abilities onto a single button - and then some.",
  "ApplicableVersion": "any",
  "RepoUrl": "https://github.com/44451516/XIVSlothCombo",
  "DalamudApiLevel": 8,
  "LoadRequiredState": 0,
  "LoadSync": false,
  "LoadPriority": 0,
  "ImageUrls": [
    "https://i.imgur.com/iEcxM81.png"
  ],
  "IconUrl": "https://i.imgur.com/iEcxM81.png",
  "Punchline": "Condenses combos and mutually exclusive abilities onto a single button - and then some.",
  "Changelog": "黑魔舞者优化",
  "AcceptsFeedback": true
}