{
  "Author": "Team Sloth",
  "Name": "XIVSlothCombo",
  "InternalName": "XIVSlothCombo",
  "AssemblyVersion": "3.0.18.9",
  "Description": "Condenses combos and mutually exclusive abilities onto a single button - and then some.6.4汉化",
  "ApplicableVersion": "any",
  "RepoUrl": "https://github.com/Nik-Potokar/XIVSlothCombo",
  "DalamudApiLevel": 8,
  "LoadRequiredState": 0,
  "LoadSync": false,
  "LoadPriority": 0,
  "ImageUrls": [
    "https://i.imgur.com/iEcxM81.png"
  ],
  "IconUrl": "https://i.imgur.com/iEcxM81.png",
  "Punchline": "Condenses combos and mutually exclusive abilities onto a single button - and then some.6.4汉化",
  "Changelog": "Features, Fixes & Enhancements for Framework, AST, ASTPvP, RDM, SGE and SCH. Please check the project's GitHub or Discord for a full changelog.6.4汉化",
  "AcceptsFeedback": true
}